name,size,color
屑懈薪械褉胁邪,150,1.0
写卸芯褉写卸_褍懈蟹谢懈,150,0.0
斜谢褝泻,150,0.0
谐械褉屑懈芯薪邪_谐褉械泄薪写卸械褉,150,0.0
褎褉械写,150,0.0
写褉械泄,150,0.0
褉械写写谢,150,0.0
褉芯薪_褍懈蟹谢懈,150,0.0
斜褉芯写褟谐邪,150,0.0
泻褝褌懈,150,0.0
屑懈谢谢懈褋械薪褌,150,0.0
褋懈褉懈,150,0.0
褑懈褋褋懈,150,0.0
斜谢械泄蟹_蟹邪斜懈薪懈,150,0.0
锌芯胁械谢懈褌械谢褜,150,0.0
屑邪褉谢懈薪,150,0.0
斜谢芯薪写懈薪,150,0.0
褉械谐褍谢褍褋,150,0.0
褉邪斜邪褋褌邪薪,150,0.0
写懈薪,150,0.0
谢邪胁邪薪写邪,150,0.0
谢芯薪谐斜芯褌褌芯屑,150,0.0
邪薪写褉芯屑械写邪,150,0.0
屑邪谢褜褔懈泻-泻芯褌芯褉褘泄-胁褘卸懈谢,150,0.0
谢褞锌懈薪,150,0.0
锌邪褉泻懈薪褋芯薪,150,2.0
褋薪械谐谐,150,0.0
褋械胁械褉褍褋_褋薪械泄锌,150,3.0
褉芯薪,150,2.0
斜谢械蟹,150,2.0
写褉械泄泻芯,150,0.0
芯谢懈胁械褉,150,4.0
谢芯褉写褍,150,0.0
邪谢褜斜褍褋芯屑_写邪屑斜谢写芯褉芯屑,150,0.0
褔邪褉谢懈,150,0.0
屑邪谢褜褋懈斜械褉,150,0.0
斜谢懈蟹薪械褑,150,0.0
斜褍谢褋褌褉芯褍写,150,0.0
谢褍薪邪褌懈泻,150,0.0
褝屑懈谢懈,150,0.0
蟹械谢褜械胁邪褉,150,3.0
锌邪薪褋,150,0.0
谐褉懈薪谐褉邪褋褋,150,2.0
褌芯薪泻褋,150,0.0
谢褞褑懈褍褋,150,2.0
薪械胁懈谢谢,150,2.0
薪懈屑褎邪写芯褉邪,150,0.0
褋械胁械褉褍褋邪_褋薪械泄锌邪,150,0.0
褋谢懈蟹薪芯褉褌,150,0.0
褍褔懈褌械谢褜,150,0.0
褋褝谢褜,150,0.0
褌褉械泄褋懈,150,2.0
谢芯褉写,150,0.0
褉懈屑褍褋,150,0.0
褌芯屑,150,0.0
锌褝薪褋懈,150,2.0
蟹邪斜懈薪懈,150,2.0
褋褌邪褉懈泻,150,0.0
褝胁邪薪褋,150,0.0
屑懈芯薪邪,150,0.0
邪褋褌芯褉懈褟,150,2.0
邪褋褌芯褉懈褟_谐褉懈薪谐褉邪褋褋,150,0.0
褉械屑褍褋,150,0.0
褍懈蟹谢懈,150,2.0
谐芯泄谢芯屑,150,0.0
邪谢,150,0.0
锌邪褉胁邪褌懈,150,0.0
褋泻芯褉锌懈褍褋,150,2.0
褋懈褉懈褍褋_斜谢褝泻,150,0.0
芯谢,150,0.0
胁芯谢写械屑芯褉褌,150,0.0
锌芯褌褌械褉,150,2.0
褋懈褝谢褜,150,2.0
邪谢邪,150,0.0
写卸芯褉写卸,150,2.0
薪芯褌褌,150,2.0
屑懈谢芯褉写,150,0.0
谐邪褉芯谢褜写,150,0.0
谐褉械泄薪写卸械褉,150,2.0
褌械芯,150,2.0
谐械褉屑懈,150,0.0
邪谢褜斜褍褋,150,0.0
写械泻邪薪,150,1.0
谢械褋褌褉械泄薪写卸,150,0.0
褉褍写懈,150,0.0
胁褍写,150,4.0
屑邪褉泻,150,0.0
褌械芯写芯褉,150,2.0
锌邪薪褋懈,150,2.0
谐褉懈褎褎懈薪写芯褉械褑,150,2.0
谐械褉屑懈芯薪邪,150,2.0
芯泄谐械薪,150,0.0
褉褘卸懈泻,150,0.0
褎谢懈薪褌,150,4.0
屑邪谢褎芯泄,150,2.0
褋薪械泄锌,150,3.0
邪泄泻,150,0.0
写褉褍褝谢谢邪,150,0.0
谐邪褉褉懈_锌芯褌褌械褉,150,0.0
谢褞褑,150,0.0
褋芯褏邪褌褘泄,150,0.0
褍懈蟹械谢,150,0.0
写褉邪泻芯_屑邪谢褎芯泄,150,0.0
斜械谢谢邪,150,0.0
谐邪褉懈,150,0.0
写芯褉泻邪褋,150,0.0
褋褜褞蟹械薪,150,0.0
斜谢械泄蟹邪,150,0.0
谐芯褉邪褑懈泄,150,0.0
褋芯褎懈,150,0.0
薪懈泻芯谢褜,150,0.0
谢褞锌懈薪邪,150,0.0
屑邪谢褜褔懈泻,150,0.0
写懈褉械泻褌芯褉,150,1.0
褏邪薪薪邪,150,0.0
斜谢懈蟹薪械褑_褍懈蟹谢懈,150,0.0
褋邪屑懈-蟹薪邪械褌械-泻褌芯,150,0.0
褋泻芯褉锌懈,150,0.0
写卸懈薪,150,0.0
锌懈褌械褉_锌械褌褌懈谐褉褞,150,0.0
谐械谢邪薪芯褉,150,0.0
写卸懈薪薪懈,150,2.0
屑褝泄斜谢,150,0.0
屑邪褉泻褍褋,150,4.0
邪谢褜斜褍褋_写邪屑斜谢写芯褉,150,0.0
泻械褉谢懈,150,2.0
邪薪写卸械谢懈薪邪,150,0.0
写卸械泄屑褋_锌芯褌褌械褉,150,0.0
褋薪褝泄锌,150,0.0
薪邪褉褑懈褋褋邪,150,0.0
谢芯褉写_胁芯谢写械屑芯褉褌,150,0.0
薪邪褉褑懈褋褋邪_屑邪谢褎芯泄,150,0.0
胁械褉懈褌懈,150,0.0
褉芯屑懈谢褜写邪,150,0.0
斜谢褝泻邪,150,0.0
斜械谢谢邪褌褉懈泻褋,150,0.0
写卸械泄褋谢懈薪,150,0.0
写邪屑斜谢写芯褉,150,0.0
褉褍写芯谢褜褎褍褋,150,0.0
写懈褉械泻褌褉懈褋邪,150,0.0
褋械胁械褉褍褋,150,3.0
褉褞褍,150,0.0
屑邪褋褌械褉_蟹械谢懈泄,150,3.0
谢懈谢懈_褝胁邪薪褋,150,0.0
屑懈褋褋懈褋_斜谢褝泻,150,0.0
胁邪谢褜斜褍褉谐邪,150,0.0
褉芯写芯谢褜褎褍褋,150,0.0
谐芯泄谢,150,0.0
褎谢懈褌胁懈泻,150,0.0
写懈薪褍,150,0.0
谐邪褉褉懈械褌,150,0.0
褍谢褜褎邪褌,150,0.0
褋懈屑褍褋,150,0.0
写卸懈屑,150,0.0
谢懈谢懈,150,0.0
写懈锌锌械褌,150,0.0
锌械褉褋懈,150,0.0
褏械薪写褉懈泻,150,0.0
谢芯褉写_屑邪谢褎芯泄,150,0.0
胁芯谢邪薪-写械-屑芯褉褌,150,0.0
谢芯谢懈,150,0.0
斜谢械泄蟹,150,2.0
薪芯邪,150,0.0
锌芯屑芯薪邪_褋锌褉邪褍褌,150,0.0
褌芯屑_褉懈写写谢,150,0.0
褉懈写写谢,150,0.0
褝泄胁械褉懈,150,0.0
屑邪泻谐芯薪邪谐邪谢谢,150,1.0
谢褞褑懈褍褋_屑邪谢褎芯泄,150,0.0
写芯褉械褟,150,0.0
谐邪褉褉懈,150,2.0
褉芯薪邪谢褜写,150,0.0
写邪褎薪邪,150,2.0
写褉邪泻芯,150,2.0
褝薪懈,150,0.0
泻褉褝斜斜,150,0.0
褎懈谢懈褍褋_褎谢懈褌胁懈泻,150,0.0
写邪屑斜懈,150,0.0
写卸械泄屑褋,150,0.0
屑邪泄褞,150,0.0
谢邪胁邪薪写邪_斜褉邪褍薪,150,0.0
褏芯泻懈薪谐,150,0.0
褎懈薪薪懈谐邪薪,150,0.0
写械泻邪薪_谐褉懈褎褎懈薪写芯褉邪,150,0.0
锌褝薪褋,150,0.0
褍懈蟹谢械褌褌邪,150,0.0
褉械屑,150,0.0
褉芯蟹邪,150,0.0
屑懈薪械褉胁邪_屑邪泻谐芯薪邪谐邪谢谢,150,0.0
锌褉芯褎械褋褋芯褉,150,3.0
斜懈谢谢,150,2.0
褋懈褉懈褍褋,150,0.0
屑邪泻泻懈薪薪芯薪,150,0.0
